{"cameraMode":{"drawMode":0,"name":"Shaded","section":"Shading Mode"},"sceneLighting":true,"audioPlay":false,"sceneViewState":{"m_AlwaysRefresh":false,"showFog":true,"showSkybox":false,"showFlares":true,"showImageEffects":true,"showParticleSystems":true,"showVisualEffectGraphs":true,"m_FxEnabled":true},"in2DMode":false,"pivot":{"x":-25.97857093811035,"y":11.990516662597657,"z":28.61040496826172},"rotation":{"x":-0.08988595753908158,"y":0.009738484397530556,"z":-0.0008526090532541275,"w":-0.9959683418273926},"size":45.613304138183597,"orthographic":false}